country,phenomenon_category,preferred_on_right,z_a,z_b,raw_logit_gap,p_left,p_right,decision_entropy,decision_margin
IDN,Fitness,0,-80.0,-7.23114013671875,72.76885986328125,2.493938218659372e-32,1.0,0.0,1.0
IDN,Species,0,-80.0,-6.721302509307861,73.27869415283203,1.4978472279124064e-32,1.0,0.0,1.0
IDN,SocialValue,0,-80.0,-6.75508975982666,73.24491119384766,1.5493133093272832e-32,1.0,0.0,1.0
IDN,SocialValue,0,-80.0,-7.075960159301758,72.92404174804688,2.1354581390014623e-32,1.0,0.0,1.0
IDN,SocialValue,0,-80.0,-7.097489356994629,72.90251159667969,2.1819333652763354e-32,1.0,0.0,1.0
IDN,SocialValue,1,-80.0,-7.006373405456543,72.9936294555664,1.9919089729309523e-32,1.0,0.0,1.0
IDN,SocialValue,0,-80.0,-7.782140731811523,72.21785736083984,4.3269617915350173e-32,1.0,0.0,1.0
IDN,Age,0,-80.0,-6.718166828155518,73.28182983398438,1.4931577401365947e-32,1.0,0.0,1.0
IDN,Fitness,1,-80.0,-6.928096771240234,73.0718994140625,1.8419476321135006e-32,1.0,0.0,1.0
IDN,SocialValue,0,-80.0,-7.1138834953308105,72.88611602783203,2.2180023808737603e-32,1.0,0.0,1.0
IDN,SocialValue,0,-80.0,-7.446463584899902,72.55353546142578,3.093142349760805e-32,1.0,0.0,1.0
IDN,Gender,1,-80.0,-7.635476589202881,72.3645248413086,3.7366823074186146e-32,1.0,0.0,1.0
IDN,Utilitarianism,1,-80.0,-6.0591840744018555,73.9408187866211,7.72521222238579e-33,1.0,0.0,1.0
IDN,Utilitarianism,0,-80.0,-6.814903736114502,73.18509674072266,1.644812380566406e-32,1.0,0.0,1.0
IDN,Fitness,0,-80.0,-7.127712726593018,72.87228393554688,2.2488951070973393e-32,1.0,0.0,1.0
IDN,Utilitarianism,1,-80.0,-6.603513240814209,73.396484375,1.3314100113370356e-32,1.0,0.0,1.0
IDN,Species,0,-80.0,-6.917243957519531,73.08275604248047,1.8220584146343814e-32,1.0,0.0,1.0
IDN,Gender,1,-80.0,-7.184479236602783,72.81552124023438,2.3802410255015815e-32,1.0,0.0,1.0
IDN,Gender,0,-80.0,-7.413311004638672,72.58668518066406,2.992286403828191e-32,1.0,0.0,1.0
IDN,Gender,0,-80.0,-7.303739547729492,72.69625854492188,2.681736371641091e-32,1.0,0.0,1.0
IDN,SocialValue,0,-80.0,-6.731143474578857,73.26885986328125,1.5126500813355176e-32,1.0,0.0,1.0
IDN,Gender,0,-80.0,-7.234629154205322,72.76537322998047,2.5026489256725526e-32,1.0,0.0,1.0
IDN,Gender,1,-80.0,-7.418890476226807,72.58110809326172,3.0090213291536727e-32,1.0,0.0,1.0
IDN,Age,0,-80.0,-6.965108394622803,73.0348892211914,1.9113956914232875e-32,1.0,0.0,1.0
IDN,SocialValue,0,-80.0,-7.4637603759765625,72.53623962402344,3.1471060627975914e-32,1.0,0.0,1.0
IDN,Age,1,-80.0,-6.889142990112305,73.11085510253906,1.771573136318472e-32,1.0,0.0,1.0
IDN,Gender,1,-80.0,-7.459721565246582,72.54027557373047,3.134430119465499e-32,1.0,0.0,1.0
IDN,SocialValue,1,-80.0,-7.321348190307617,72.67864990234375,2.7293762189440415e-32,1.0,0.0,1.0
IDN,Fitness,0,-80.0,-6.6102986335754395,73.38970184326172,1.3404711626035554e-32,1.0,0.0,1.0
IDN,Fitness,0,-80.0,-7.448843002319336,72.55115509033203,3.1005138748348115e-32,1.0,0.0,1.0
IDN,Gender,0,-80.0,-7.239397048950195,72.76060485839844,2.514611050060108e-32,1.0,0.0,1.0
IDN,Species,0,-80.0,-7.216109752655029,72.78388977050781,2.4567349979501972e-32,1.0,0.0,1.0
IDN,SocialValue,0,-80.0,-7.289718151092529,72.71028137207031,2.644392973230581e-32,1.0,0.0,1.0
IDN,Fitness,0,-80.0,-7.008913516998291,72.9910888671875,1.9969760882669656e-32,1.0,0.0,1.0
IDN,SocialValue,1,-80.0,-7.4666900634765625,72.53330993652344,3.156339864796888e-32,1.0,0.0,1.0
IDN,Gender,1,-80.0,-7.013675212860107,72.986328125,2.0065059679058758e-32,1.0,0.0,1.0
IDN,SocialValue,1,-80.0,-7.0598907470703125,72.94010925292969,2.1014208184526398e-32,1.0,0.0,1.0
IDN,Species,0,-80.0,-7.058529853820801,72.94146728515625,2.098569069157545e-32,1.0,0.0,1.0
IDN,Age,1,-80.0,-6.872213363647461,73.1277847290039,1.7418334231162558e-32,1.0,0.0,1.0
IDN,Gender,1,-80.0,-7.072616100311279,72.92738342285156,2.1283340554883038e-32,1.0,0.0,1.0
IDN,SocialValue,0,-80.0,-7.695206642150879,72.30479431152344,3.966676887238214e-32,1.0,0.0,1.0
IDN,SocialValue,1,-80.0,-6.8840460777282715,73.11595153808594,1.7625673802232347e-32,1.0,0.0,1.0
IDN,Age,1,-80.0,-6.924041748046875,73.07595825195312,1.8344867694688316e-32,1.0,0.0,1.0
IDN,Fitness,1,-80.0,-6.692952632904053,73.30704498291016,1.4559781762512304e-32,1.0,0.0,1.0
IDN,Utilitarianism,1,-80.0,-5.8811798095703125,74.11882019042969,6.465548067940812e-33,1.0,0.0,1.0
IDN,Age,0,-80.0,-7.485470771789551,72.5145263671875,3.216187220933128e-32,1.0,0.0,1.0
IDN,Age,0,-80.0,-6.702216625213623,73.29778289794922,1.4695263363916327e-32,1.0,0.0,1.0
IDN,Species,0,-80.0,-6.485381126403809,73.51461791992188,1.1830608610217367e-32,1.0,0.0,1.0
IDN,Fitness,0,-80.0,-7.1620001792907715,72.83799743652344,2.3273390777371753e-32,1.0,0.0,1.0
IDN,SocialValue,1,-80.0,-6.949258804321289,73.05074310302734,1.8813315417802444e-32,1.0,0.0,1.0
IDN,Gender,0,-80.0,-7.087065696716309,72.91293334960938,2.1593120050523174e-32,1.0,0.0,1.0
IDN,Fitness,0,-80.0,-6.654758453369141,73.34524536132812,1.4014082020030074e-32,1.0,0.0,1.0
IDN,Gender,1,-80.0,-7.30463171005249,72.69536590576172,2.684131147507304e-32,1.0,0.0,1.0
IDN,SocialValue,0,-80.0,-6.8506760597229,73.14932250976562,1.7047193930409498e-32,1.0,0.0,1.0
IDN,Age,1,-80.0,-6.997318267822266,73.002685546875,1.9739516804174095e-32,1.0,0.0,1.0
IDN,Fitness,1,-80.0,-6.488346576690674,73.51165008544922,1.1865772789038247e-32,1.0,0.0,1.0
IDN,Utilitarianism,1,-80.0,-6.4892730712890625,73.51072692871094,1.1876732069807757e-32,1.0,0.0,1.0
IDN,Age,0,-80.0,-7.513309955596924,72.48668670654297,3.306982992337817e-32,1.0,0.0,1.0
IDN,Age,1,-80.0,-6.949748516082764,73.05025482177734,1.8822504844889997e-32,1.0,0.0,1.0
IDN,Age,0,-80.0,-6.930671215057373,73.06932830810547,1.8466895763247177e-32,1.0,0.0,1.0
IDN,Age,0,-80.0,-7.002914905548096,72.99708557128906,1.9850367390824575e-32,1.0,0.0,1.0
IDN,Gender,0,-80.0,-7.320773601531982,72.67922973632812,2.7277940035478347e-32,1.0,0.0,1.0
IDN,Gender,0,-80.0,-7.0966796875,72.9033203125,2.1801695360029265e-32,1.0,0.0,1.0
IDN,Gender,1,-80.0,-7.670011043548584,72.32998657226562,3.8679956058546215e-32,1.0,0.0,1.0
IDN,Fitness,0,-80.0,-7.389371871948242,72.61062622070312,2.9214987217688485e-32,1.0,0.0,1.0
IDN,Fitness,1,-80.0,-6.484373092651367,73.515625,1.1818700117759568e-32,1.0,0.0,1.0
IDN,Age,0,-80.0,-6.646470069885254,73.35353088378906,1.3898448640739685e-32,1.0,0.0,1.0
IDN,SocialValue,0,-80.0,-7.138680458068848,72.86132049560547,2.2736862829561813e-32,1.0,0.0,1.0
IDN,Gender,1,-80.0,-7.229551315307617,72.77044677734375,2.4899838556632056e-32,1.0,0.0,1.0
IDN,SocialValue,0,-80.0,-6.949382781982422,73.05061340332031,1.8815757507316277e-32,1.0,0.0,1.0
IDN,Gender,0,-80.0,-7.106719493865967,72.89328002929688,2.2021693535889472e-32,1.0,0.0,1.0
IDN,Species,1,-80.0,-5.0458269119262695,74.95417022705078,2.8042549152178335e-33,1.0,0.0,1.0
IDN,Age,0,-80.0,-7.5510149002075195,72.44898223876953,3.4340512867994167e-32,1.0,0.0,1.0
IDN,SocialValue,1,-80.0,-7.0586442947387695,72.94135284423828,2.0988091638787004e-32,1.0,0.0,1.0
IDN,SocialValue,1,-80.0,-7.09414005279541,72.9058609008789,2.174637512651163e-32,1.0,0.0,1.0
IDN,Fitness,1,-80.0,-7.238396167755127,72.76160430908203,2.5120990186324007e-32,1.0,0.0,1.0
IDN,SocialValue,1,-80.0,-7.23458194732666,72.76541900634766,2.5025343149733474e-32,1.0,0.0,1.0
IDN,Gender,0,-80.0,-7.746728420257568,72.2532730102539,4.1764015363458217e-32,1.0,0.0,1.0
IDN,Gender,0,-80.0,-7.199624061584473,72.80037689208984,2.4165624785108455e-32,1.0,0.0,1.0
IDN,Age,0,-80.0,-7.6985297203063965,72.30146789550781,3.979893851845272e-32,1.0,0.0,1.0
IDN,Fitness,1,-80.0,-7.346157073974609,72.65383911132812,2.7979410411859793e-32,1.0,0.0,1.0
IDN,Age,1,-80.0,-6.916807174682617,73.08319091796875,1.821266278378721e-32,1.0,0.0,1.0
IDN,Gender,0,-80.0,-7.586417198181152,72.41358184814453,3.5577958709840666e-32,1.0,0.0,1.0
IDN,Gender,1,-80.0,-7.581287384033203,72.41871643066406,3.539574826925558e-32,1.0,0.0,1.0
IDN,SocialValue,1,-80.0,-7.1003851890563965,72.89961242675781,2.1882683982065044e-32,1.0,0.0,1.0
IDN,Age,1,-80.0,-7.361945152282715,72.63805389404297,2.8424578938723824e-32,1.0,0.0,1.0
IDN,SocialValue,1,-80.0,-6.9767680168151855,73.02323150634766,1.9338085483368284e-32,1.0,0.0,1.0
IDN,Gender,0,-80.0,-7.084118366241455,72.91587829589844,2.152962278442763e-32,1.0,0.0,1.0
IDN,Age,0,-80.0,-6.885757923126221,73.11424255371094,1.7655820824227123e-32,1.0,0.0,1.0
IDN,Fitness,1,-80.0,-7.13529634475708,72.86470031738281,2.2660147129491273e-32,1.0,0.0,1.0
IDN,Species,0,-80.0,-5.684433460235596,74.31556701660156,5.310792743544891e-33,1.0,0.0,1.0
IDN,Gender,0,-80.0,-7.444612503051758,72.55538940429688,3.087413284168485e-32,1.0,0.0,1.0
IDN,SocialValue,0,-80.0,-7.114319801330566,72.88568115234375,2.2189671678621977e-32,1.0,0.0,1.0
IDN,Utilitarianism,0,-80.0,-6.90324068069458,73.09675598144531,1.796727539931718e-32,1.0,0.0,1.0
IDN,Fitness,1,-80.0,-7.19050407409668,72.80949401855469,2.3946305457235848e-32,1.0,0.0,1.0
IDN,SocialValue,0,-80.0,-6.909383773803711,73.09061431884766,1.8077964355494423e-32,1.0,0.0,1.0
IDN,Species,0,-80.0,-7.039527416229248,72.9604721069336,2.059062614204728e-32,1.0,0.0,1.0
IDN,Species,1,-80.0,-5.275801181793213,74.72419738769531,3.529339503739361e-33,1.0,0.0,1.0
IDN,Fitness,1,-80.0,-7.288527011871338,72.71147155761719,2.6412476442213684e-32,1.0,0.0,1.0
IDN,Fitness,1,-80.0,-6.681726932525635,73.31827545166016,1.4397184445170688e-32,1.0,0.0,1.0
IDN,SocialValue,1,-80.0,-7.056585788726807,72.94341278076172,2.0944902506969855e-32,1.0,0.0,1.0
IDN,SocialValue,1,-80.0,-7.052401542663574,72.94760131835938,2.0857356095824426e-32,1.0,0.0,1.0
IDN,Fitness,1,-80.0,-6.9002485275268555,73.0997543334961,1.7913484777823553e-32,1.0,0.0,1.0
IDN,SocialValue,1,-80.0,-6.912204265594482,73.08779907226562,1.81289308518102e-32,1.0,0.0,1.0
IDN,Species,1,-80.0,-6.303765773773193,73.69623565673828,9.865781557761422e-33,1.0,0.0,1.0
IDN,SocialValue,1,-80.0,-6.94108772277832,73.05891418457031,1.866021756418341e-32,1.0,0.0,1.0
IDN,Gender,0,-80.0,-7.820797920227051,72.17919921875,4.4975095649184197e-32,1.0,0.0,1.0
IDN,Fitness,0,-80.0,-6.695698261260986,73.3042984008789,1.4599827916308942e-32,1.0,0.0,1.0
IDN,SocialValue,1,-80.0,-6.786781311035156,73.21321868896484,1.599201289576181e-32,1.0,0.0,1.0
IDN,Gender,1,-80.0,-7.339605331420898,72.66039276123047,2.7796644550193944e-32,1.0,0.0,1.0
IDN,SocialValue,1,-80.0,-6.814817905426025,73.1851806640625,1.6446742599801843e-32,1.0,0.0,1.0
IDN,SocialValue,0,-80.0,-6.854362964630127,73.14563751220703,1.7110126959216646e-32,1.0,0.0,1.0
IDN,Age,1,-80.0,-7.12549352645874,72.87450408935547,2.243907778440388e-32,1.0,0.0,1.0
IDN,Gender,1,-80.0,-7.258504390716553,72.74149322509766,2.563131342631824e-32,1.0,0.0,1.0
IDN,Fitness,0,-80.0,-6.735601902008057,73.26439666748047,1.5194163737556445e-32,1.0,0.0,1.0
IDN,Gender,0,-80.0,-7.4959306716918945,72.50406646728516,3.250005017911934e-32,1.0,0.0,1.0
IDN,Species,1,-80.0,-6.159266948699951,73.84073638916016,8.538383214770155e-33,1.0,0.0,1.0
IDN,Fitness,1,-80.0,-7.134819030761719,72.86518096923828,2.2649257643698844e-32,1.0,0.0,1.0
IDN,SocialValue,1,-80.0,-7.687928676605225,72.31207275390625,3.937910189484891e-32,1.0,0.0,1.0
IDN,Gender,1,-80.0,-6.927980899810791,73.072021484375,1.841722818818906e-32,1.0,0.0,1.0
IDN,Gender,0,-80.0,-6.904872894287109,73.09512329101562,1.7996633370728967e-32,1.0,0.0,1.0
IDN,SocialValue,1,-80.0,-7.097143650054932,72.9028549194336,2.1811842815012739e-32,1.0,0.0,1.0
IDN,Fitness,1,-80.0,-6.645171642303467,73.35482788085938,1.3880434189813334e-32,1.0,0.0,1.0
IDN,Gender,0,-80.0,-7.748794078826904,72.25120544433594,4.1850455340545933e-32,1.0,0.0,1.0
IDN,Gender,1,-80.0,-7.591668605804443,72.40833282470703,3.5765197327511394e-32,1.0,0.0,1.0
IDN,Fitness,0,-80.0,-7.070348262786865,72.92964935302734,2.123516879638634e-32,1.0,0.0,1.0
IDN,Age,0,-80.0,-7.659084320068359,72.34091186523438,3.825966686961734e-32,1.0,0.0,1.0
IDN,Utilitarianism,0,-80.0,-6.838620185852051,73.161376953125,1.6842932685170925e-32,1.0,0.0,1.0
IDN,Utilitarianism,0,-80.0,-6.807214260101318,73.19278717041016,1.6322113749991787e-32,1.0,0.0,1.0
IDN,Age,1,-80.0,-6.978015899658203,73.02198791503906,1.9362150791465493e-32,1.0,0.0,1.0
IDN,Age,1,-80.0,-7.364555358886719,72.63544464111328,2.84988437330729e-32,1.0,0.0,1.0
IDN,Age,0,-80.0,-6.849864482879639,73.15013885498047,1.7033281954767516e-32,1.0,0.0,1.0
IDN,Utilitarianism,1,-80.0,-5.576991558074951,74.42301177978516,4.7697611830033633e-33,1.0,0.0,1.0
IDN,Gender,1,-80.0,-7.796536922454834,72.20346069335938,4.389706447372446e-32,1.0,0.0,1.0
IDN,SocialValue,1,-80.0,-6.856716156005859,73.14328002929688,1.7150512537007085e-32,1.0,0.0,1.0
IDN,Fitness,1,-80.0,-6.976017951965332,73.02397918701172,1.9323632780324924e-32,1.0,0.0,1.0
IDN,Age,1,-80.0,-6.976650714874268,73.02334594726562,1.933587261525286e-32,1.0,0.0,1.0
IDN,Gender,1,-80.0,-7.285045146942139,72.71495819091797,2.6320546906507627e-32,1.0,0.0,1.0
IDN,Gender,0,-80.0,-7.447956085205078,72.55204772949219,3.097747642753739e-32,1.0,0.0,1.0
IDN,Age,0,-80.0,-7.480349540710449,72.5196533203125,3.199740291723598e-32,1.0,0.0,1.0
IDN,Gender,1,-80.0,-7.615234375,72.384765625,3.661809488616577e-32,1.0,0.0,1.0
IDN,Fitness,1,-80.0,-7.307374954223633,72.692626953125,2.691492974752916e-32,1.0,0.0,1.0
IDN,Fitness,1,-80.0,-6.862198829650879,73.13780212402344,1.724471959301786e-32,1.0,0.0,1.0
IDN,Fitness,0,-80.0,-6.666122913360596,73.33387756347656,1.4174301900047151e-32,1.0,0.0,1.0
IDN,Age,1,-80.0,-7.0793561935424805,72.92064666748047,2.14272063697443e-32,1.0,0.0,1.0
IDN,Fitness,0,-80.0,-7.179965972900391,72.82003784179688,2.3695144926135343e-32,1.0,0.0,1.0
IDN,Species,1,-80.0,-6.560739994049072,73.43926239013672,1.2756560204039468e-32,1.0,0.0,1.0
IDN,Gender,1,-80.0,-7.460487365722656,72.53951263427734,3.1368222504694226e-32,1.0,0.0,1.0
IDN,Age,0,-80.0,-6.762493133544922,73.23750305175781,1.5608334478389293e-32,1.0,0.0,1.0
IDN,Age,0,-80.0,-6.661557197570801,73.33843994140625,1.4109779015130516e-32,1.0,0.0,1.0
IDN,Gender,0,-80.0,-7.585329055786133,72.4146728515625,3.5539161518791777e-32,1.0,0.0,1.0
IDN,Age,0,-80.0,-6.9284162521362305,73.07158660888672,1.8425239182189913e-32,1.0,0.0,1.0
IDN,Fitness,0,-80.0,-7.017702102661133,72.9822998046875,2.0146049770462475e-32,1.0,0.0,1.0
IDN,Gender,1,-80.0,-7.302994251251221,72.69700622558594,2.6797318598993515e-32,1.0,0.0,1.0
IDN,SocialValue,0,-80.0,-6.978007793426514,73.0219955444336,1.9362002385303702e-32,1.0,0.0,1.0
IDN,SocialValue,1,-80.0,-7.194098949432373,72.80590057373047,2.4032508866085462e-32,1.0,0.0,1.0
IDN,SocialValue,1,-80.0,-7.34905481338501,72.65094757080078,2.806043135999022e-32,1.0,0.0,1.0
IDN,Fitness,1,-80.0,-6.966836929321289,73.03316497802734,1.9146942755084887e-32,1.0,0.0,1.0
IDN,Gender,1,-80.0,-7.55375337600708,72.44624328613281,3.4434699352853803e-32,1.0,0.0,1.0
IDN,Utilitarianism,0,-80.0,-6.695614814758301,73.30438232421875,1.4598600994080272e-32,1.0,0.0,1.0
IDN,Gender,1,-80.0,-7.442441940307617,72.55755615234375,3.08073059878406e-32,1.0,0.0,1.0
IDN,Gender,1,-80.0,-6.854854583740234,73.1451416015625,1.7118615497797522e-32,1.0,0.0,1.0
IDN,Fitness,0,-80.0,-6.844318389892578,73.15568542480469,1.693906755191705e-32,1.0,0.0,1.0
IDN,Age,0,-80.0,-6.876118183135986,73.1238784790039,1.7486507026038496e-32,1.0,0.0,1.0
IDN,SocialValue,1,-80.0,-7.021746635437012,72.97825622558594,2.0227677567551513e-32,1.0,0.0,1.0
IDN,Age,1,-80.0,-6.663297653198242,73.33670043945312,1.4134345377694763e-32,1.0,0.0,1.0
IDN,SocialValue,0,-80.0,-7.093061923980713,72.90693664550781,2.1722994543873774e-32,1.0,0.0,1.0
IDN,Age,1,-80.0,-6.733232498168945,73.26676940917969,1.5158153937486943e-32,1.0,0.0,1.0
IDN,Gender,1,-80.0,-7.023489475250244,72.97650909423828,2.0263048192567756e-32,1.0,0.0,1.0
IDN,Species,1,-80.0,-6.531815528869629,73.46818542480469,1.2392887231150008e-32,1.0,0.0,1.0
IDN,SocialValue,0,-80.0,-6.675288200378418,73.32471466064453,1.430477589551667e-32,1.0,0.0,1.0
IDN,SocialValue,0,-80.0,-6.796687126159668,73.20331573486328,1.6151167484023455e-32,1.0,0.0,1.0
IDN,Age,0,-80.0,-6.993687152862549,73.00630950927734,1.9668109930465457e-32,1.0,0.0,1.0
IDN,Gender,0,-80.0,-7.276523590087891,72.72348022460938,2.609719416364376e-32,1.0,0.0,1.0
IDN,Fitness,1,-80.0,-7.065631866455078,72.93437194824219,2.1135121002819917e-32,1.0,0.0,1.0
IDN,Gender,1,-80.0,-7.185379981994629,72.81462097167969,2.3823846863870998e-32,1.0,0.0,1.0
IDN,Age,0,-80.0,-6.922576427459717,73.07742309570312,1.831801499561172e-32,1.0,0.0,1.0
IDN,SocialValue,0,-80.0,-7.416619300842285,72.58338165283203,3.002187886618755e-32,1.0,0.0,1.0
IDN,SocialValue,0,-80.0,-6.876923084259033,73.12307739257812,1.7500520388068236e-32,1.0,0.0,1.0
IDN,Age,1,-80.0,-7.152111053466797,72.84788513183594,2.3044403008463633e-32,1.0,0.0,1.0
IDN,Age,0,-80.0,-6.832143306732178,73.16785430908203,1.6734186233408417e-32,1.0,0.0,1.0
IDN,Fitness,1,-80.0,-6.6896867752075195,73.31031036376953,1.451231676999404e-32,1.0,0.0,1.0
IDN,SocialValue,0,-80.0,-6.959694862365723,73.0403060913086,1.9010700021088707e-32,1.0,0.0,1.0
IDN,SocialValue,0,-80.0,-7.144535541534424,72.85546112060547,2.2870479803051844e-32,1.0,0.0,1.0
IDN,Age,1,-80.0,-6.892515659332275,73.10748291015625,1.7775572841849205e-32,1.0,0.0,1.0
IDN,Gender,0,-80.0,-7.178241729736328,72.82176208496094,2.36543244154351e-32,1.0,0.0,1.0
IDN,SocialValue,0,-80.0,-6.970162391662598,73.02983856201172,1.921073977223989e-32,1.0,0.0,1.0
IDN,Utilitarianism,0,-80.0,-6.439349174499512,73.56065368652344,1.1298323462329927e-32,1.0,0.0,1.0
IDN,Gender,1,-80.0,-7.135700702667236,72.86429595947266,2.2669311577323872e-32,1.0,0.0,1.0
IDN,Age,1,-80.0,-7.0158209800720215,72.98417663574219,2.0108273790130862e-32,1.0,0.0,1.0
IDN,Species,1,-80.0,-5.41689395904541,74.5831069946289,4.0641354340917606e-33,1.0,0.0,1.0
IDN,Fitness,0,-80.0,-7.104420185089111,72.89557647705078,2.197117960489876e-32,1.0,0.0,1.0
IDN,Fitness,0,-80.0,-7.078116416931152,72.92188262939453,2.1400738645067598e-32,1.0,0.0,1.0
IDN,Gender,0,-80.0,-7.389383792877197,72.6106185913086,2.921521056161514e-32,1.0,0.0,1.0
IDN,Age,0,-80.0,-6.809800624847412,73.19020080566406,1.6364383057479418e-32,1.0,0.0,1.0
IDN,Fitness,0,-80.0,-7.3686628341674805,72.63134002685547,2.8616058152265144e-32,1.0,0.0,1.0
IDN,Gender,1,-80.0,-7.496319770812988,72.50367736816406,3.251269849833419e-32,1.0,0.0,1.0
IDN,Age,1,-80.0,-7.047577381134033,72.95242309570312,2.0757029122349683e-32,1.0,0.0,1.0
IDN,SocialValue,1,-80.0,-7.578120708465576,72.42188262939453,3.5283855900736684e-32,1.0,0.0,1.0
IDN,SocialValue,0,-80.0,-7.128726959228516,72.87127685546875,2.251161019395343e-32,1.0,0.0,1.0
IDN,SocialValue,1,-80.0,-7.075427055358887,72.92457580566406,2.1343180564179585e-32,1.0,0.0,1.0
IDN,Gender,0,-80.0,-7.753614902496338,72.24638366699219,4.205273440843543e-32,1.0,0.0,1.0
IDN,Fitness,0,-80.0,-7.101335525512695,72.89866638183594,2.1903396192526532e-32,1.0,0.0,1.0
IDN,Age,1,-80.0,-6.75066614151001,73.24933624267578,1.5424726668894667e-32,1.0,0.0,1.0
IDN,Fitness,0,-80.0,-7.268237590789795,72.73176574707031,2.5881858292252503e-32,1.0,0.0,1.0
IDN,Species,0,-80.0,-4.4552178382873535,75.54478454589844,1.5535202934062807e-33,1.0,0.0,1.0
IDN,Utilitarianism,1,-80.0,-6.364912986755371,73.63508605957031,1.0487897249254732e-32,1.0,0.0,1.0
IDN,Age,0,-80.0,-6.679649353027344,73.32035064697266,1.4367337174235372e-32,1.0,0.0,1.0
IDN,Utilitarianism,1,-80.0,-6.582366466522217,73.41763305664062,1.303548297297052e-32,1.0,0.0,1.0
IDN,SocialValue,1,-80.0,-7.167470932006836,72.83252716064453,2.3401049463871053e-32,1.0,0.0,1.0
IDN,Fitness,0,-80.0,-6.690984725952148,73.30901336669922,1.453115112823009e-32,1.0,0.0,1.0
IDN,Species,1,-80.0,-6.517685890197754,73.48231506347656,1.2219011045512252e-32,1.0,0.0,1.0
IDN,Gender,0,-80.0,-7.558385848999023,72.44161224365234,3.459454013594274e-32,1.0,0.0,1.0
IDN,SocialValue,0,-80.0,-7.010363578796387,72.98963928222656,1.9998729471577733e-32,1.0,0.0,1.0
IDN,Age,0,-80.0,-6.714396953582764,73.28560638427734,1.4875293262480637e-32,1.0,0.0,1.0
IDN,Gender,0,-80.0,-7.342767715454102,72.65723419189453,2.788458034384308e-32,1.0,0.0,1.0
IDN,Age,1,-80.0,-6.691990375518799,73.3080062866211,1.454579191036958e-32,1.0,0.0,1.0
IDN,Fitness,1,-80.0,-7.132125377655029,72.86787414550781,2.2588342057071294e-32,1.0,0.0,1.0
IDN,Gender,0,-80.0,-7.2763872146606445,72.7236099243164,2.609381167864927e-32,1.0,0.0,1.0
IDN,SocialValue,1,-80.0,-7.400598526000977,72.59940338134766,2.954470750562238e-32,1.0,0.0,1.0
IDN,Age,1,-80.0,-6.8311944007873535,73.16880798339844,1.6718234775067758e-32,1.0,0.0,1.0
IDN,Gender,1,-80.0,-6.6522536277771,73.34774780273438,1.3979056696479385e-32,1.0,0.0,1.0
IDN,Gender,0,-80.0,-7.3274688720703125,72.67253112792969,2.746127895064022e-32,1.0,0.0,1.0
IDN,Utilitarianism,1,-80.0,-5.711982727050781,74.28801727294922,5.4591371918827865e-33,1.0,0.0,1.0
IDN,Species,1,-80.0,-6.294921875,73.705078125,9.778928688282979e-33,1.0,0.0,1.0
IDN,SocialValue,1,-80.0,-6.986035346984863,73.01396179199219,1.951817856475395e-32,1.0,0.0,1.0
IDN,Fitness,1,-80.0,-6.74205207824707,73.25794982910156,1.5292435065285188e-32,1.0,0.0,1.0
IDN,SocialValue,1,-80.0,-7.563136100769043,72.4368667602539,3.475909759011435e-32,1.0,0.0,1.0
IDN,SocialValue,1,-80.0,-7.167886257171631,72.83211517333984,2.3410692925651611e-32,1.0,0.0,1.0
IDN,Fitness,1,-80.0,-6.838622093200684,73.161376953125,1.6842932685170925e-32,1.0,0.0,1.0
IDN,Gender,0,-80.0,-7.490396022796631,72.50960540771484,3.232053162059764e-32,1.0,0.0,1.0
IDN,SocialValue,0,-80.0,-6.970027446746826,73.02997589111328,1.9208102256790232e-32,1.0,0.0,1.0
IDN,Gender,1,-80.0,-7.6100382804870605,72.38996124267578,3.642833189437665e-32,1.0,0.0,1.0
IDN,Fitness,1,-80.0,-7.258059024810791,72.741943359375,2.5619781826736674e-32,1.0,0.0,1.0
IDN,Age,0,-80.0,-7.068498134613037,72.93150329589844,2.1195836755407827e-32,1.0,0.0,1.0
IDN,Gender,1,-80.0,-7.226597785949707,72.77339935302734,2.4826428934423204e-32,1.0,0.0,1.0
IDN,SocialValue,0,-80.0,-7.029318332672119,72.9706802368164,2.0381502758300118e-32,1.0,0.0,1.0
IDN,Fitness,1,-80.0,-6.827020645141602,73.17298126220703,1.664861318340443e-32,1.0,0.0,1.0
IDN,Gender,0,-80.0,-7.081688404083252,72.9183120727539,2.1477288306561084e-32,1.0,0.0,1.0
IDN,SocialValue,1,-80.0,-6.751317977905273,73.2486801147461,1.5434850613991124e-32,1.0,0.0,1.0
IDN,Fitness,1,-80.0,-6.803102016448975,73.1968994140625,1.6255132612513994e-32,1.0,0.0,1.0
IDN,Age,1,-80.0,-6.592880725860596,73.40711975097656,1.317325091088689e-32,1.0,0.0,1.0
IDN,Age,0,-80.0,-6.888332843780518,73.11166381835938,1.7701410903255827e-32,1.0,0.0,1.0
IDN,SocialValue,0,-80.0,-6.817301273345947,73.18270111083984,1.6487573396077655e-32,1.0,0.0,1.0
IDN,Fitness,0,-80.0,-7.333181381225586,72.66681671142578,2.761865413432831e-32,1.0,0.0,1.0
IDN,Utilitarianism,0,-80.0,-6.293314456939697,73.7066879272461,9.763199104501038e-33,1.0,0.0,1.0
IDN,Fitness,0,-80.0,-6.968898296356201,73.0311050415039,1.918642614096107e-32,1.0,0.0,1.0
IDN,Age,1,-80.0,-6.750798225402832,73.24919891357422,1.5426845497462024e-32,1.0,0.0,1.0
IDN,Species,1,-80.0,-5.1503214836120605,74.84967803955078,3.113134422995621e-33,1.0,0.0,1.0
IDN,SocialValue,0,-80.0,-6.993284702301025,73.0067138671875,1.9660159180550082e-32,1.0,0.0,1.0
IDN,SocialValue,0,-80.0,-6.923917770385742,73.07608032226562,1.834262690858206e-32,1.0,0.0,1.0
IDN,Fitness,0,-80.0,-6.674561977386475,73.325439453125,1.4294410974078296e-32,1.0,0.0,1.0
IDN,Age,1,-80.0,-7.197506904602051,72.802490234375,2.4114608330282768e-32,1.0,0.0,1.0
IDN,Fitness,1,-80.0,-7.181490421295166,72.81851196289062,2.373132958098953e-32,1.0,0.0,1.0
IDN,Age,1,-80.0,-6.771332263946533,73.22866821289062,1.5746842977746683e-32,1.0,0.0,1.0
IDN,Gender,1,-80.0,-7.646232604980469,72.35376739501953,3.7770963909470603e-32,1.0,0.0,1.0
IDN,SocialValue,0,-80.0,-6.93825626373291,73.0617446899414,1.8607474602029953e-32,1.0,0.0,1.0
IDN,Age,1,-80.0,-6.8659443855285645,73.1340560913086,1.7309439373238258e-32,1.0,0.0,1.0
IDN,Age,0,-80.0,-7.489848613739014,72.5101547241211,3.2302781655900223e-32,1.0,0.0,1.0
IDN,Gender,1,-80.0,-7.267644882202148,72.73235321044922,2.586665915029637e-32,1.0,0.0,1.0
IDN,SocialValue,0,-80.0,-7.0334296226501465,72.96656799316406,2.0465490360298432e-32,1.0,0.0,1.0
IDN,Species,0,-80.0,-6.699188232421875,73.30081176757812,1.4650820861247613e-32,1.0,0.0,1.0
IDN,SocialValue,0,-80.0,-7.575628757476807,72.42436981201172,3.5196208103203497e-32,1.0,0.0,1.0
IDN,SocialValue,1,-80.0,-6.982151031494141,73.01785278320312,1.944238121964499e-32,1.0,0.0,1.0
IDN,Age,1,-80.0,-6.6594648361206055,73.34053802490234,1.4080206515999704e-32,1.0,0.0,1.0
IDN,SocialValue,0,-80.0,-6.897128582000732,73.10287475585938,1.785767377541445e-32,1.0,0.0,1.0
IDN,Fitness,0,-80.0,-6.820398330688477,73.17960357666016,1.6538723563385748e-32,1.0,0.0,1.0
IDN,SocialValue,1,-80.0,-7.506649971008301,72.49334716796875,3.285030047589035e-32,1.0,0.0,1.0
IDN,SocialValue,0,-80.0,-6.926741123199463,73.07325744628906,1.839447943376477e-32,1.0,0.0,1.0
IDN,Fitness,1,-80.0,-7.119738578796387,72.88026428222656,2.2310196583779724e-32,1.0,0.0,1.0
IDN,Fitness,0,-80.0,-6.518908977508545,73.48109436035156,1.223393541566388e-32,1.0,0.0,1.0
IDN,Species,0,-80.0,-6.963403224945068,73.0365982055664,1.9081320782950233e-32,1.0,0.0,1.0
IDN,SocialValue,1,-80.0,-7.036763668060303,72.9632339477539,2.0533836540591116e-32,1.0,0.0,1.0
IDN,Fitness,0,-80.0,-6.538366794586182,73.46163177490234,1.247437103018107e-32,1.0,0.0,1.0
IDN,Gender,0,-80.0,-7.422335147857666,72.57766723632812,3.0193930096845654e-32,1.0,0.0,1.0
IDN,Utilitarianism,1,-80.0,-6.742813587188721,73.25718688964844,1.5304107724188854e-32,1.0,0.0,1.0
IDN,Gender,0,-80.0,-7.084310531616211,72.91568756103516,2.1533729667815816e-32,1.0,0.0,1.0
IDN,Utilitarianism,0,-80.0,-6.174471855163574,73.82553100585938,8.669204715757137e-33,1.0,0.0,1.0
IDN,Fitness,0,-80.0,-6.497289657592773,73.5027084350586,1.1972347514987611e-32,1.0,0.0,1.0
IDN,SocialValue,1,-80.0,-6.850631237030029,73.14936828613281,1.704641369603414e-32,1.0,0.0,1.0
IDN,SocialValue,1,-80.0,-7.170799255371094,72.8292007446289,2.3479021473529034e-32,1.0,0.0,1.0
IDN,Age,0,-80.0,-7.405954360961914,72.59404754638672,2.970336985562462e-32,1.0,0.0,1.0
IDN,Age,1,-80.0,-7.277771949768066,72.72222900390625,2.6129869967860743e-32,1.0,0.0,1.0
IDN,Utilitarianism,1,-80.0,-6.6798787117004395,73.32012176513672,1.4370627089049736e-32,1.0,0.0,1.0
IDN,Age,1,-80.0,-7.192124843597412,72.80787658691406,2.3985067383454213e-32,1.0,0.0,1.0
IDN,Gender,1,-80.0,-7.4969305992126465,72.50306701660156,3.25325496591837e-32,1.0,0.0,1.0
IDN,SocialValue,1,-80.0,-6.8547749519348145,73.14522552490234,1.7117178455953642e-32,1.0,0.0,1.0
IDN,SocialValue,1,-80.0,-7.157525062561035,72.84247589111328,2.3169393322786566e-32,1.0,0.0,1.0
IDN,Fitness,0,-80.0,-6.641388893127441,73.35861206054688,1.382800714176666e-32,1.0,0.0,1.0
IDN,Fitness,1,-80.0,-7.229153633117676,72.77084350585938,2.488996146534927e-32,1.0,0.0,1.0
IDN,SocialValue,1,-80.0,-7.046546459197998,72.95345306396484,2.073566157378761e-32,1.0,0.0,1.0
IDN,Gender,0,-80.0,-7.546403884887695,72.45359802246094,3.418237067424217e-32,1.0,0.0,1.0
IDN,Fitness,1,-80.0,-7.352390289306641,72.64761352539062,2.815414176963777e-32,1.0,0.0,1.0
IDN,Age,1,-80.0,-6.968589782714844,73.03141021728516,1.9180572179093974e-32,1.0,0.0,1.0
IDN,Utilitarianism,0,-80.0,-6.875635147094727,73.1243667602539,1.7477971467683588e-32,1.0,0.0,1.0
IDN,Fitness,0,-80.0,-7.2539873123168945,72.74600982666016,2.551580935140644e-32,1.0,0.0,1.0
IDN,Gender,1,-80.0,-7.59398078918457,72.40602111816406,3.5847969762224546e-32,1.0,0.0,1.0
IDN,Gender,0,-80.0,-6.96332311630249,73.03667449951172,1.9079864639323152e-32,1.0,0.0,1.0
IDN,Gender,1,-80.0,-7.09218692779541,72.9078140258789,2.170394418855076e-32,1.0,0.0,1.0
IDN,SocialValue,0,-80.0,-7.313966751098633,72.68603515625,2.7092931918338304e-32,1.0,0.0,1.0
IDN,SocialValue,0,-80.0,-7.041033744812012,72.95896911621094,2.062159747945557e-32,1.0,0.0,1.0
IDN,Age,0,-80.0,-6.960437774658203,73.03956604003906,1.9024775096571865e-32,1.0,0.0,1.0
IDN,Gender,1,-80.0,-7.456011772155762,72.54399108886719,3.1228056558302177e-32,1.0,0.0,1.0
IDN,Utilitarianism,0,-80.0,-6.789923191070557,73.21007537841797,1.604235931880753e-32,1.0,0.0,1.0
IDN,SocialValue,1,-80.0,-6.852294921875,73.147705078125,1.7074788660295051e-32,1.0,0.0,1.0
IDN,Age,0,-80.0,-7.322354316711426,72.67764282226562,2.73212628797779e-32,1.0,0.0,1.0
IDN,SocialValue,0,-80.0,-7.323925971984863,72.67607116699219,2.736423601450809e-32,1.0,0.0,1.0
IDN,Gender,0,-80.0,-7.505998611450195,72.49400329589844,3.282875366443978e-32,1.0,0.0,1.0
IDN,Fitness,1,-80.0,-7.234959125518799,72.7650375366211,2.503489110259803e-32,1.0,0.0,1.0
IDN,Gender,0,-80.0,-7.013453483581543,72.9865493774414,2.0060620718516465e-32,1.0,0.0,1.0
